PatientID,LastName,FirstName,City,ZipCode,BirthDate,Phone,Center,Balance,DaysLate
1054,Santana,Clay,Woodway,76712,7/14/1939,254-352-1917,30,5158.34,60
1917,Chambers,Lizeth,Woodway,76712,3/10/1943,903-505-6161,30,0,0
1775,Whitney,Rafael,Hewitt,76643,7/8/1953,254-841-9889,30,628.14,30
1507,Underwood,Franco,Hewitt,76643,8/25/1960,254-945-5677,30,0,0
1053,Roberson,Skylar,Waco,76702,9/20/2003,254-945-7251,20,0,0
1944,Washington,Rowan,Lorena,76630,9/17/1988,254-901-9401,30,0,0
1900,Conrad,Abel,Bellmead,76715,9/16/1946,614-646-4486,10,0,0
1238,Glass,Jayden,Woodway,76712,4/6/1967,254-944-6814,30,0,0
1685,Walton,Dominique,Waco,76702,6/20/1998,254-293-1911,10,2632.71,30
1065,Molina,Ariel,Robinson,76706,2/1/1951,623-378-9220,30,1431.28,0
1701,Brady,Agustin,Lorena,76630,2/4/1989,254-881-2539,30,0,0
1835,Stark,Mallory,Robinson,76706,6/20/1948,254-724-9581,30,7678.95,60
1924,Morton,Lena,Waco,76702,7/6/1968,254-251-7778,20,0,0
1000,Beasley,Aliyah,Waco,76702,11/6/1953,254-950-6824,20,0,0
1236,Dyer,Sadie,Waco,76702,1/1/1958,254-201-9239,10,3667.2,0
1778,Bates,Arturo,Lorena,76630,10/23/1984,515-895-9238,30,0,0
1686,Mullins,Kaitlyn,Waco,76702,5/21/1961,254-780-5514,20,0,0
1274,Trujillo,Jocelynn,Waco,76702,10/12/1977,254-470-2590,10,3603.98,30
1110,Barnes,Ari,Waco,76702,4/20/1984,254-931-6765,10,6335.97,30
1376,McCarthy,Elle,Moody,76557,9/12/1960,913-259-9546,30,0,0
1623,Hansen,Caitlyn,Waco,76702,1/9/1957,630-528-4615,20,0,0
1209,Bolton,Sanaa,Robinson,76706,9/2/1989,254-243-5972,30,674.33,60
1196,Shepherd,Nicole,Hewitt,76643,8/7/1969,254-564-9411,30,7020.35,30
1131,Cabrera,Kolby,Waco,76702,5/19/1945,757-873-3752,20,0,0
1458,Faulkner,Cason,Lorena,76630,11/21/1943,254-903-1103,30,0,0
1461,Rollins,Marisa,Lorena,76630,12/13/1939,254-886-9412,30,9097.74,60
1285,Rivers,Saige,Woodway,76712,6/24/1946,402-529-4405,30,3545.37,60
1833,Warner,Deon,Waco,76702,2/10/1982,254-711-3418,20,0,0
1230,Hart,Megan,Woodway,76712,7/9/1975,254-478-3801,30,0,0
1027,Summers,Jaylyn,Woodway,76712,1/16/1965,254-506-5851,30,0,0
1739,Carr,Eva,Robinson,76706,10/16/1974,254-531-6999,30,0,0
1615,Ellison,Jayda,Lorena,76630,9/4/1968,254-682-9481,30,2879.31,0
1271,Lambert,Kaitlynn,Robinson,76706,8/23/1972,254-290-5860,30,0,0
1251,McKee,Amiyah,Moody,76557,2/6/1970,254-253-6914,30,3743.22,60
1549,Santiago,Mekhi,Woodway,76712,10/12/1970,254-303-7467,30,0,0
1626,Solis,Mia,Waco,76702,12/26/1960,254-324-9908,20,11.08,0
1747,Vinson,Salvatore,Woodway,76712,11/14/1955,254-395-7194,30,0,0
1166,James,Emmy,Robinson,76706,7/2/1985,254-825-6246,30,0,0
1497,Kim,Nina,Robinson,76706,8/22/1982,254-272-5221,30,0,0
1862,Park,Nehemiah,Waco,76702,8/6/1980,254-396-3278,20,0,0
1811,Benton,Scarlet,Waco,76702,12/4/1988,254-363-2000,20,3519.66,30
1314,Ayala,Braedon,Waco,76702,8/7/2000,254-986-1956,20,0,0
1741,Love,Yoselin,Woodway,76712,7/5/1993,731-560-8402,30,0,0
1872,Sampson,German,Hewitt,76643,2/26/1941,254-973-1510,30,0,0
1199,Serrano,Nash,Woodway,76712,10/6/1982,317-399-7041,30,0,0
1770,Conway,Beckham,Woodway,76712,12/19/2000,254-843-8627,30,0,0
1204,York,Krystal,Moody,76557,3/13/1960,254-712-6048,30,5343.71,30
1412,Ware,Cael,Hewitt,76643,9/18/1985,254-328-7955,30,0,0
1594,Dorsey,Jaxen,Woodway,76712,2/3/1953,434-488-8230,30,0,0
1133,Vasquez,Yazmin,Moody,76557,7/11/1969,254-298-2737,30,3825.66,30
1231,Armstrong,Regan,Lorena,76630,4/7/1960,254-331-3969,30,0,0
1047,Decker,Ahmad,Waco,76702,7/21/1952,254-871-5732,20,0,0
1943,Hahn,Tate,Woodway,76712,9/12/1987,254-500-6013,30,7426.1,0
1649,Butler,Regina,Moody,76557,3/8/1953,254-705-3143,30,0,0
1993,Bowers,Waylon,Hewitt,76643,11/27/1969,254-960-5572,30,0,0
1281,Daniel,Allan,Waco,76702,1/22/1971,580-981-2882,20,0,0
1267,Guerra,Leon,Woodway,76712,6/25/1982,254-941-2446,30,0,0
1605,Hinton,Soren,Waco,76702,4/20/1947,254-426-5493,20,6171.92,0
1363,Armstrong,Phillip,Waco,76702,5/23/1992,254-692-4302,20,0,0
1195,Hodges,Quintin,Lorena,76630,10/23/1963,254-862-8054,30,0,0
1206,Ballard,Orion,Hewitt,76643,12/8/1990,254-689-6198,30,0,0
1425,Madden,Evan,Waco,76702,10/24/1966,254-243-3444,20,0,0
1504,Page,Rosa,Lorena,76630,10/1/1984,413-726-4980,30,3559.11,0
1181,Fields,Cambria,Waco,76702,4/18/1995,254-686-9173,20,752.52,0
1103,Oneal,Jamya,Hewitt,76643,5/9/1974,254-345-9123,30,37.61,60
1745,Ellison,Alexia,Hewitt,76643,11/17/1969,254-875-9477,30,509.45,0
1405,Head,Finn,Hewitt,76643,12/7/1998,254-271-7473,30,0,0
1179,Velez,Danny,Hewitt,76643,9/19/1949,254-739-2715,30,0,0
1070,McKinney,Zaire,Moody,76557,10/3/2003,303-804-8175,30,2928.41,60
1367,McClure,Jack,Waco,76702,6/3/1987,254-629-6250,20,0,0
1670,Miller,Alejandra,Moody,76557,9/7/1985,254-637-5977,30,1969.28,30
1164,Gamble,Mathew,Lorena,76630,12/27/1989,254-368-9344,30,0,0
1470,Patton,Tiara,Woodway,76712,6/14/1985,254-850-8003,30,3054.09,0
1374,Haley,Eleanor,Moody,76557,10/22/1962,254-762-6019,30,310.98,0
1808,Hull,Reuben,Hewitt,76643,6/3/1987,254-262-4820,30,0,0
1506,Campos,Camille,Moody,76557,12/21/1972,478-550-3595,30,0,0
1219,Bowman,Malakai,Waco,76702,5/14/1959,254-554-3114,20,0,0
1657,Hopkins,Caylee,Bellmead,76715,10/7/1988,254-406-3988,10,8341.83,0
1162,Vargas,Samir,Waco,76702,5/4/1994,254-856-2471,20,3524.4,60
1895,Rosa,Roman,Waco,76702,1/22/1964,254-904-8935,10,0,0
1432,Young,Makenna,Moody,76557,9/23/1956,254-551-9717,30,1288.66,30
1388,Burke,Eric,Woodway,76712,12/3/1977,254-324-3423,30,0,0
1995,Cooley,Anthony,Bellmead,76715,9/13/1975,785-497-8944,10,105.36,30
1019,McFadden,Audrina,Bellmead,76715,8/21/1982,254-220-5218,10,8886.15,30
1566,Lopez,Roman,Woodway,76712,7/11/1970,254-714-7324,30,0,0
1680,Walton,Prince,Hewitt,76643,12/5/1939,254-202-7825,30,0,0
1742,Chang,Roger,Hewitt,76643,12/22/1972,254-964-8274,30,0,0
1082,Myers,Richard,Woodway,76712,3/13/2002,254-323-1683,30,0,0
1307,Everett,Danny,Hewitt,76643,9/15/2001,254-432-3711,30,0,0
1567,Griffith,Amelie,Moody,76557,1/2/1978,254-547-1320,30,0,0
1525,Santiago,Justice,Waco,76702,2/9/1961,254-255-6791,20,0,0
1512,Lawrence,Spencer,Waco,76702,8/7/1972,254-968-8238,10,0,0
1853,Jimenez,Ayana,Bellmead,76715,2/14/1963,254-705-6329,10,0,0
1270,Rocha,Salvatore,Hewitt,76643,7/26/1994,701-833-9053,30,0,0
1169,McConnell,Xavier,Hewitt,76643,3/19/1980,369-771-2843,30,0,0
1273,Nelson,Caleb,Lorena,76630,1/27/1986,254-591-9966,30,0,0
1843,Hudson,Lamar,Hewitt,76643,8/19/1969,254-722-8731,30,0,0
1049,Alvarez,Arnav,Lorena,76630,3/20/1955,254-530-2238,30,0,0
1551,Hopkins,Wesley,Lorena,76630,6/27/1953,254-988-6795,30,0,0
1146,Hill,Elaine,Woodway,76712,2/13/1942,254-616-8790,30,3074.92,0
1214,David,Ryan,Woodway,76712,3/19/1942,609-290-7091,30,189.15,0
1188,Peck,Demetrius,Waco,76702,11/14/1987,475-635-4963,20,9541.88,30
1323,Perez,Cristina,Waco,76702,1/18/2003,254-242-5002,20,0,0
1445,Bird,Kaiya,Lorena,76630,6/3/1989,254-235-5895,30,0,0
1688,Wall,Chandler,Waco,76702,1/10/2001,254-694-7944,10,1346.66,0
1322,Gilmore,Gunnar,Hewitt,76643,2/9/1998,254-795-8406,30,0,0
1730,Fisher,Raquel,Lorena,76630,4/25/1956,254-750-5468,30,0,0
1596,Wiley,Maryam,Woodway,76712,2/1/1980,254-794-3494,30,0,0
1468,Sanders,Sonia,Hewitt,76643,6/27/1956,254-974-7360,30,36.06,60
1069,Waller,Janessa,Hewitt,76643,6/2/1979,283-974-6163,30,0,0
1927,Keith,Evangeline,Hewitt,76643,7/22/2000,254-279-8860,30,0,0
1057,Jarvis,Kennedy,Hewitt,76643,9/4/1987,254-762-9980,30,6113.68,60
1588,Mendoza,Tamara,Hewitt,76643,7/12/1944,254-502-7416,30,0,0
1220,Padilla,Kobe,Hewitt,76643,12/8/1990,254-502-1669,30,0,0
1572,Fowler,Walker,Hewitt,76643,6/16/1997,254-260-4137,30,9499.74,0
1955,Blankenship,Evan,Hewitt,76643,2/16/1941,254-600-7146,30,210.83,60
1906,Hernandez,Aliana,Hewitt,76643,6/5/1944,254-235-1933,30,0,0
1039,Collins,Jaidyn,Waco,76702,11/18/1984,254-474-7380,20,188.61,60
1112,Miller,Ximena,Hewitt,76643,8/17/1953,557-655-9053,30,8738.53,0
1981,Collier,Ayana,Hewitt,76643,9/22/2000,254-628-2160,30,0,0
1764,Hood,Nathalie,Hewitt,76643,5/1/1961,254-482-3864,30,0,0
1613,Christensen,Alexia,Waco,76702,7/9/1988,254-995-1039,10,0,0
1898,Noel,Leighton,Waco,76702,7/4/1976,631-725-6601,20,0,0
1068,Hicks,Bradyn,Hewitt,76643,8/1/1976,254-705-6106,30,0,0
1424,Rhodes,Savannah,Waco,76702,1/21/1973,254-855-1257,20,0,0
1719,Kidd,Landin,Hewitt,76643,9/25/1938,836-874-7596,30,3135.32,0
1697,Clements,Natalee,Hewitt,76643,7/1/1985,254-291-2087,30,5229.04,0
1407,Perry,Gustavo,Lorena,76630,2/25/1940,254-533-8844,30,0,0
1644,Kaufman,Helena,Hewitt,76643,3/9/1959,254-323-7675,30,1538.3,30
1982,Wong,Ryder,Hewitt,76643,6/25/1964,254-540-7184,30,2389.89,0
1168,Albert,Leonardo,Hewitt,76643,3/24/1960,254-992-5125,30,4121.18,0
1178,Morrow,Nehemiah,Robinson,76706,11/13/1997,254-617-3205,30,0,0
1885,Henson,Garrison,Lorena,76630,10/22/1978,251-708-9544,30,7365.29,0
1335,Stephenson,Easton,Waco,76702,12/5/2003,254-947-4622,10,3336.24,60
1988,Lindsay,Teresa,Hewitt,76643,9/14/1988,254-995-3819,30,0,0
1980,Talley,Mercedes,Hewitt,76643,2/25/1955,254-780-2447,30,0,0
1939,Stanton,Adelynn,Robinson,76706,9/19/1998,253-840-9031,30,0,0
1105,May,Kristopher,Hewitt,76643,3/4/1963,254-985-6144,30,0,0
1986,Cortez,Madilyn,Hewitt,76643,1/7/1968,254-649-2465,30,0,0
1643,Griffin,Clark,Waco,76702,1/25/1957,254-413-8511,20,0,0
1418,Flores,Jaylah,Hewitt,76643,4/21/1971,254-397-2259,30,3874.63,0
1852,Foster,Leyla,Woodway,76712,4/5/1945,254-897-1594,30,9868.37,60
1377,Sanchez,Elianna,Bellmead,76715,1/17/1970,254-754-8066,10,0,0
1282,Davis,Zion,Waco,76702,2/10/1945,254-950-3627,20,1133.25,0
1511,Rasmussen,Reid,Lorena,76630,6/9/1968,254-998-2869,30,0,0
1482,Heath,Kaylie,Woodway,76712,11/14/1942,254-350-1476,30,0,0
1689,Cunningham,Hunter,Woodway,76712,7/5/1969,254-703-1673,30,7216.44,30
1291,Nielsen,Fabian,Lorena,76630,2/19/2003,254-979-4028,30,0,0
1301,Vazquez,Drake,Lorena,76630,12/24/1955,254-370-6260,30,0,0
1434,Good,Lorelai,Robinson,76706,6/7/1974,254-236-9578,30,0,0
1130,Vargas,Jaylee,Woodway,76712,7/26/1998,754-332-4811,30,0,0
1289,Kerr,Rachael,Woodway,76712,6/20/1978,254-907-8758,30,0,0
1716,Mosley,Piper,Robinson,76706,7/16/1954,254-707-6546,30,0,0
1591,Holden,Harper,Waco,76702,2/25/1968,254-294-4193,20,0,0
1946,Sellers,Ana,Waco,76702,6/25/1977,254-442-9003,10,0,0
1893,Patton,Aliya,Lorena,76630,8/12/1990,254-623-2413,30,0,0
1222,Peterson,Dexter,Hewitt,76643,12/14/1996,254-475-4489,30,0,0
1779,Browning,Brennen,Woodway,76712,2/14/1982,254-596-4017,30,3638.74,0
1463,Weeks,Eileen,Lorena,76630,3/27/1941,254-248-4174,30,0,0
1095,Bullock,Ernesto,Robinson,76706,5/22/1987,254-205-9384,30,0,0
1177,Mayer,Samara,Waco,76702,9/18/1968,254-426-9068,20,0,0
1167,Eaton,Madyson,Waco,76702,2/25/1982,254-632-3079,20,0,0
1748,Malone,Lilyanna,Lorena,76630,2/26/1990,254-809-5736,30,5174.29,30
1870,Bailey,Raegan,Waco,76702,9/20/1938,337-579-3899,20,0,0
1584,Fields,Lexie,Woodway,76712,3/3/1980,334-482-1444,30,0,0
1114,Melton,Dax,Waco,76702,7/26/1958,254-598-2271,20,0,0
1356,Kent,Krish,Hewitt,76643,10/21/1943,254-327-9733,30,0,0
1704,Irwin,Darius,Woodway,76712,6/20/2001,254-794-7607,30,0,0
1435,Garner,Arjun,Robinson,76706,8/14/1950,254-548-4966,30,0,0
1176,McCray,Melany,Robinson,76706,11/14/1956,612-355-4860,30,3394.27,0
1490,Long,Sawyer,Hewitt,76643,8/16/1980,254-364-9775,30,0,0
1467,Hampton,Beau,Bellmead,76715,10/17/1960,254-519-9608,10,0,0
1708,Berger,Ada,Hewitt,76643,4/7/1959,254-401-5455,30,245.04,60
1611,Crosby,Cael,Woodway,76712,4/7/1974,254-212-2906,30,1065.71,30
1627,Sheppard,Trevin,Hewitt,76643,2/9/1986,254-551-5521,30,0,0
1646,Whitley,Zane,Hewitt,76643,3/20/1973,254-205-1450,30,0,0
1474,Merritt,Collin,Hewitt,76643,10/22/1990,254-523-3419,30,0,0
1369,Guy,Breanna,Robinson,76706,4/25/1986,254-303-4580,30,7651.58,0
1948,Clay,Skylar,Woodway,76712,2/23/1982,254-917-8801,30,9496.94,0
1959,Velazquez,Javier,Hewitt,76643,1/19/1991,254-722-5196,30,0,0
1255,Bell,Jacob,Bellmead,76715,1/24/1965,254-369-6777,10,0,0
1234,Carson,Alma,Lorena,76630,3/26/1985,254-326-1257,30,3064.19,30
1408,Jacobson,Payton,Hewitt,76643,6/12/1940,254-643-5719,30,0,0
1554,Rios,Lillie,Bellmead,76715,12/7/1966,254-378-5041,10,822.54,30
1994,McKee,Omari,Hewitt,76643,7/26/1970,254-479-3717,30,7907.34,30
1012,Figueroa,Jonathon,Lorena,76630,3/24/1979,254-312-2702,30,0,0
1486,Neal,Bryanna,Hewitt,76643,4/13/1944,804-920-3042,30,0,0
1645,Cooke,Caylee,Hewitt,76643,2/7/1940,219-884-9762,30,9376.22,0
1127,Perry,Katrina,Waco,76702,12/6/1957,254-740-1085,10,6149.35,30
1964,Ramos,Johnny,Bellmead,76715,9/19/1990,254-344-9093,10,240.21,30
1971,Mack,Christina,Waco,76702,4/9/1980,254-834-5810,20,6307.1,60
1261,Dillon,Kylah,Woodway,76712,12/4/1991,254-834-4438,30,0,0
1348,Merritt,Winston,Hewitt,76643,9/15/1965,254-930-1550,30,0,0
1294,Weeks,Arely,Hewitt,76643,10/13/1986,254-712-4574,30,0,0
1867,Padilla,Sage,Robinson,76706,12/6/1945,254-224-5449,30,0,0
1243,Bowen,Annalise,Hewitt,76643,6/16/1973,254-346-6824,30,0,0
1378,Kline,Jamel,Lorena,76630,11/6/1956,254-925-4295,30,0,0
1838,Andrews,Jocelyn,Bellmead,76715,3/20/1951,385-440-6836,10,5016.94,30
1958,Maynard,Giselle,Lorena,76630,2/5/1992,254-555-2699,30,8242.88,30
1702,Ford,Beckett,Woodway,76712,2/6/1949,254-275-1370,30,0,0
1603,Rose,Madilynn,Robinson,76706,5/17/1971,402-445-2957,30,0,0
1235,Petersen,Camila,Woodway,76712,9/21/1962,254-688-8797,30,7772.11,0
1135,Lucas,Kamya,Waco,76702,8/19/2000,254-586-4429,10,0,0
1489,Porter,Jonah,Hewitt,76643,12/25/1951,254-754-3102,30,2650.26,0
1015,Boyle,Spencer,Waco,76702,6/14/1967,254-747-9104,20,0,0
1097,Welch,Taylor,Waco,76702,8/25/2003,254-608-7361,20,0,0
1052,Carroll,Braden,Waco,76702,8/17/1992,254-216-8002,10,0,0
1945,Jordan,Jayvion,Lorena,76630,6/25/1941,937-540-1465,30,0,0
1010,Cantu,Yusuf,Hewitt,76643,9/8/1951,254-581-2218,30,5487.52,60
1837,Ellison,Bryson,Lorena,76630,5/26/2003,383-890-6654,30,0,0
1205,Cotton,Charles,Lorena,76630,10/5/2000,254-404-3055,30,0,0
1662,Clark,Frank,Lorena,76630,3/17/1948,605-654-4407,30,0,0
1859,Sweeney,Chance,Waco,76702,11/23/1948,254-270-6567,20,0,0
1111,Burch,Paris,Woodway,76712,4/25/1996,254-873-8107,30,9567.01,0
1071,Conner,Dominique,Hewitt,76643,2/19/1947,254-670-7902,30,0,0
1579,Church,Mitchell,Robinson,76706,9/8/1957,254-359-4105,30,0,0
1563,Haley,Kylie,Waco,76702,6/19/1975,254-642-4629,10,0,0
1257,Burns,Amanda,Woodway,76712,6/19/1940,254-963-6480,30,0,0
1022,Small,Patience,Woodway,76712,1/5/1994,254-573-5256,30,7433.56,30
1824,Sosa,Kamryn,Woodway,76712,7/9/1990,254-775-1767,30,8313.46,0
1157,Lyons,Blaze,Hewitt,76643,7/13/1955,254-297-3095,30,0,0
1976,Delaney,Zaiden,Waco,76702,5/21/1968,254-607-5612,20,2346.86,0
1488,Matthews,Karli,Hewitt,76643,9/4/1963,254-650-8570,30,0,0
1879,Chandler,Jaxson,Hewitt,76643,12/15/1976,304-864-1091,30,8027.31,30
1163,Ferrell,Briana,Hewitt,76643,1/27/1998,254-285-1678,30,6288.95,30
1175,Roach,Lilliana,Woodway,76712,3/21/2000,254-656-3888,30,0,0
1807,Briggs,Mariam,Moody,76557,3/26/2002,254-263-9198,30,0,0
1817,Patel,Matteo,Robinson,76706,12/20/1951,254-881-6760,30,0,0
1733,Lucas,Dashawn,Hewitt,76643,5/16/1945,412-343-2656,30,0,0
1353,Wooten,Rory,Robinson,76706,11/8/1987,254-718-9754,30,2684.86,30
1881,Allison,Blaze,Waco,76702,11/1/1987,254-651-6996,20,0,0
1325,Huffman,Bryanna,Lorena,76630,1/16/2000,254-449-7868,30,0,0
1631,Horton,Lesly,Woodway,76712,2/3/1979,254-615-5555,30,2875.42,30
1503,Thornton,Slade,Waco,76702,11/23/1998,254-272-2734,10,7034.07,30
1907,King,Dereon,Lorena,76630,12/26/1942,254-935-6688,30,0,0
1292,Hoffman,Perla,Hewitt,76643,3/11/1980,254-952-9637,30,0,0
1795,Pennington,Braiden,Moody,76557,10/11/1997,254-257-5551,30,5423.91,0
1090,Ross,Jordyn,Waco,76702,2/18/1986,254-959-3573,20,0,0
1028,Maynard,Parker,Robinson,76706,2/20/1978,254-701-2868,30,6922.8,30
1629,Rosario,Jacoby,Hewitt,76643,11/10/1990,254-478-1969,30,0,0
1336,Jensen,Marcel,Lorena,76630,9/12/1980,254-763-4831,30,0,0
1639,Durham,Luciana,Waco,76702,12/2/1938,254-612-5767,20,0,0
1115,Dotson,Harper,Waco,76702,7/10/1943,254-414-3335,20,0,0
1122,Branch,Madden,Hewitt,76643,8/14/2000,254-876-1024,30,0,0
1426,Berg,Kaliyah,Waco,76702,5/15/1962,254-516-5538,20,7607.57,0
1962,Robinson,Yamilet,Moody,76557,10/5/1975,254-777-1857,30,0,0
1877,Miller,Clare,Waco,76702,8/3/1952,254-663-5744,20,0,0
1715,Chen,Jerome,Woodway,76712,1/7/1989,254-762-5749,30,0,0
1736,Mathews,Kason,Hewitt,76643,6/3/1985,254-390-8212,30,0,0
1695,Zimmerman,Landen,Waco,76702,8/26/1953,254-906-7366,20,8404.6,60
1816,Osborn,Nora,Hewitt,76643,7/26/1997,254-277-5312,30,2798.53,30
1855,Rollins,Addison,Lorena,76630,8/13/1957,254-940-2368,30,6767.35,30
1595,Hayden,Makenzie,Moody,76557,1/21/1973,254-884-3278,30,4363.09,30
2000,Gilliam,Isai,Hewitt,76643,3/26/1982,254-923-4824,30,1751.37,30
1625,Stout,Valentino,Hewitt,76643,11/19/1956,254-844-5576,30,0,0
1529,Parks,Trevon,Hewitt,76643,10/21/1969,254-241-5976,30,0,0
1651,Carrillo,Ashlyn,Bellmead,76715,12/8/1972,984-896-6549,10,0,0
1514,Salazar,Harrison,Waco,76702,3/5/1962,254-377-1412,10,0,0
1311,Odom,Johanna,Woodway,76712,6/12/1960,254-592-9152,30,0,0
1561,Fry,Sharon,Woodway,76712,5/15/1975,254-620-9205,30,1403.65,0
1823,Drake,Maleah,Woodway,76712,6/11/1984,254-976-9117,30,0,0
1453,Fleming,Alexandria,Bellmead,76715,8/13/1981,717-984-5152,10,0,0
1023,Slater,Mckinley,Waco,76702,7/20/1967,254-336-2921,20,0,0
1983,Marquez,Ryan,Moody,76557,2/20/1980,254-485-5927,30,0,0
1228,Terry,Jaiden,Woodway,76712,11/22/1990,254-864-7080,30,0,0
1667,Sparks,Alec,Waco,76702,2/17/1979,254-921-3681,20,611.57,60
1725,Schmidt,Alina,Moody,76557,10/19/1939,254-487-5581,30,0,0
1350,Burris,Lilianna,Hewitt,76643,6/22/1946,256-722-6776,30,4965.16,0
1674,Salas,Terrence,Hewitt,76643,7/8/1990,402-466-8629,30,0,0
1262,Cardenas,Leighton,Waco,76702,7/20/1985,254-934-1793,20,0,0
1564,Page,Jack,Hewitt,76643,1/21/1978,254-911-6387,30,0,0
1144,Jacobs,Lola,Hewitt,76643,10/14/1963,254-583-9213,30,0,0
1937,Carter,Alexander,Moody,76557,2/17/1973,254-336-5934,30,5553.25,30
1310,Lawson,Krystal,Hewitt,76643,5/24/1974,870-419-6746,30,8863.93,0
1156,Pittman,Sullivan,Hewitt,76643,12/8/1957,254-737-6929,30,5917.54,0
1008,Tyler,Slade,Lorena,76630,4/19/1968,254-618-4334,30,5716.92,0
1910,Combs,Aedan,Woodway,76712,7/19/1965,254-853-5961,30,0,0
1109,Morin,Gabrielle,Hewitt,76643,8/26/1971,254-439-3739,30,0,0
1448,Barton,Khloe,Hewitt,76643,10/25/1977,254-946-3315,30,9260.76,30
1548,Moon,Albert,Moody,76557,12/11/1991,662-691-8831,30,0,0
1788,Ramsey,Adolfo,Hewitt,76643,3/26/1958,254-212-3030,30,0,0
1415,McMillan,Morgan,Hewitt,76643,1/26/1973,254-485-7562,30,0,0
1527,Solomon,Zariah,Lorena,76630,7/24/1952,254-976-5616,30,0,0
1372,Joyce,Wesley,Hewitt,76643,3/17/1977,614-228-9733,30,0,0
1934,Pratt,Dominik,Woodway,76712,3/23/1978,254-788-2202,30,6892.69,60
1791,Huffman,Eli,Lorena,76630,6/14/1979,254-355-5062,30,0,0
1571,Velez,Nathan,Woodway,76712,4/5/1981,254-776-8819,30,7314.18,90
1145,Holden,Janice,Waco,76702,7/10/1984,580-503-3079,20,7252.56,30
1450,Bates,Paige,Waco,76702,7/11/1980,254-879-3849,20,0,0
1442,Oneil,Ayanna,Woodway,76712,10/21/1965,254-401-4376,30,4373.12,30
1210,Hogan,Julio,Hewitt,76643,4/19/1947,585-648-9462,30,0,0
1547,Gordon,Macie,Woodway,76712,5/7/2003,254-406-4026,30,135.84,0
1316,Roy,Jovanny,Woodway,76712,6/6/1955,254-794-9383,30,9866.61,0
1223,Yates,Camilla,Hewitt,76643,6/26/1973,254-895-1830,30,0,0
1524,Melton,Elena,Woodway,76712,5/2/1972,254-708-2395,30,0,0
1366,Sanders,Addisyn,Woodway,76712,12/18/1968,254-869-9250,30,0,0
1717,Knight,Hope,Waco,76702,9/4/1990,254-358-3245,20,0,0
1864,Keller,Justice,Woodway,76712,6/2/1938,254-404-7522,30,1156.77,30
1471,Galloway,Makena,Woodway,76712,6/3/1967,254-887-7539,30,0,0
1915,Yang,Connor,Waco,76702,9/13/1958,641-631-2189,10,667.39,0
1357,Gould,Kristina,Moody,76557,7/20/1992,254-541-4007,30,5723.31,0
1368,Barrera,Karl,Woodway,76712,9/2/1986,254-670-3105,30,0,0
1871,Perez,Alicia,Woodway,76712,1/11/1993,254-688-3237,30,0,0
1957,Crosby,Nathalie,Hewitt,76643,10/8/1951,208-925-5315,30,4504.24,0
1985,Preston,Nickolas,Woodway,76712,12/4/1972,254-756-5760,30,0,0
1073,Oconnor,Amya,Woodway,76712,4/25/1952,254-934-9413,30,0,0
1712,McCray,Pedro,Waco,76702,7/4/1977,254-521-1271,20,0,0
1642,Reilly,Jadyn,Woodway,76712,3/24/1993,254-280-4825,30,0,0
1520,Paul,Emilee,Moody,76557,1/19/1943,307-318-9488,30,0,0
1751,Bradford,Deon,Waco,76702,4/11/1991,254-326-4559,20,0,0
1427,Vaughan,Noemi,Hewitt,76643,2/11/1964,254-944-2267,30,0,0
1774,Joyner,Rogelio,Woodway,76712,4/17/1961,254-453-6732,30,0,0
1264,Powell,Dana,Moody,76557,12/8/1990,317-410-7201,30,0,0
1768,Wilkins,Jaelynn,Hewitt,76643,4/14/1982,254-683-3179,30,5572.42,0
1386,Serrano,Tess,Hewitt,76643,6/25/1995,957-901-9008,30,0,0
1992,Le,Luca,Hewitt,76643,5/24/1947,914-285-3750,30,2200.64,30
1905,McCullough,Will,Woodway,76712,5/26/1969,254-253-4307,30,0,0
1058,Waters,Jamel,Waco,76702,11/16/1995,254-298-3031,20,5595.84,30
1831,Golden,Lorenzo,Robinson,76706,10/12/1995,254-917-7897,30,0,0
1875,Ashley,Luke,Hewitt,76643,3/14/1949,254-515-6887,30,0,0
1189,Fulton,Madilynn,Hewitt,76643,1/7/1970,254-584-2051,30,0,0
1810,Bean,Leland,Woodway,76712,5/14/1967,254-586-2108,30,7335.19,0
1647,Beasley,Fredrick,Waco,76702,6/7/1976,254-210-3070,10,0,0
1081,Craft,Jaylen,Hewitt,76643,5/25/1940,254-930-5740,30,0,0
1696,Cote,Ronin,Woodway,76712,2/16/1946,254-444-9711,30,0,0
1476,Knox,Frida,Moody,76557,1/17/2001,254-867-3722,30,0,0
1344,Alexander,Sloane,Woodway,76712,2/3/1952,254-518-1859,30,0,0
1669,Bowers,Conrad,Moody,76557,7/22/1946,254-595-6335,30,0,0
1479,Farrell,Kristen,Woodway,76712,10/5/1990,254-907-4531,30,8329.64,30
1009,Gould,Aedan,Robinson,76706,2/16/1981,254-631-5028,30,0,0
1785,Guzman,Destinee,Moody,76557,4/21/1979,254-658-9630,30,0,0
1233,Roberts,Malik,Moody,76557,12/19/1971,254-830-5213,30,7335.02,30
1882,Burnett,Damien,Waco,76702,11/7/1976,254-804-2179,10,0,0
1749,Bartlett,Darren,Waco,76702,12/1/2001,562-380-4650,20,5062.14,0
1640,Park,Jovanny,Hewitt,76643,9/10/1958,254-486-4727,30,8492.26,30
1187,Stephenson,Paxton,Waco,76702,5/8/1963,254-737-8862,20,0,0
1265,Moreno,Jaidyn,Woodway,76712,11/7/1980,254-876-6397,30,6185.77,30
1505,Kramer,Emerson,Bellmead,76715,5/22/1953,254-386-2784,10,3253.63,0
1682,Riddle,Lucy,Hewitt,76643,10/22/1994,358-291-9995,30,3399.13,60
1342,McGowan,Leonardo,Woodway,76712,6/17/1999,254-385-2076,30,5525.78,0
1078,Marquez,Hugo,Robinson,76706,9/22/1980,254-932-9243,30,0,0
1259,Vasquez,Giovanny,Waco,76702,7/21/2002,254-695-5952,20,0,0
1593,Terrell,Jordan,Waco,76702,6/6/1949,530-448-9602,10,7407.54,60
1537,Schultz,Kelsie,Woodway,76712,10/10/1964,404-845-5996,30,0,0
1149,Patrick,Jamir,Bellmead,76715,5/12/1950,254-890-6052,10,7706.18,60
1846,Callahan,Janiyah,Hewitt,76643,11/20/1952,254-856-8994,30,0,0
1308,Rice,Denzel,Waco,76702,7/18/1944,254-650-3719,20,0,0
1044,Foreman,Jazmine,Hewitt,76643,2/17/1943,254-644-2145,30,0,0
1478,Perkins,Bruno,Woodway,76712,4/5/2003,361-349-9665,30,3670.73,30
1517,Alexander,Alessandro,Waco,76702,1/26/1998,862-827-4698,10,60.6,30
1403,Grimes,Addisyn,Lorena,76630,12/1/1947,254-779-6760,30,0,0
1956,Hensley,Carley,Waco,76702,10/8/1994,254-611-4893,20,7617.97,0
1758,Mason,Maverick,Robinson,76706,10/18/1984,254-557-9745,30,6566.69,0
1024,Noel,Jermaine,Lorena,76630,12/9/1965,316-564-4464,30,0,0
1916,Gomez,Cameron,Robinson,76706,11/12/1974,254-519-5335,30,0,0
1297,Vinson,Kaylynn,Bellmead,76715,6/12/1959,254-486-9361,10,0,0
1889,Whitney,Marquis,Robinson,76706,5/22/1973,254-664-9138,30,0,0
1759,Vega,Jase,Waco,76702,8/26/1940,218-817-8401,20,0,0
1075,Ware,Quinton,Waco,76702,1/14/1999,254-847-9806,20,0,0
1789,Bryan,Semaj,Moody,76557,11/25/1997,254-971-8310,30,6909.89,0
1160,Reese,Madilynn,Waco,76702,12/17/1947,254-941-4278,20,2211.62,30
1260,Gibbs,Juliette,Waco,76702,6/26/1941,254-763-3074,20,0,0
1473,Herman,Boston,Woodway,76712,8/4/1989,254-262-8591,30,0,0
1002,Travis,Alia,Hewitt,76643,6/1/1971,254-357-7760,30,0,0
1602,Merritt,Stephanie,Robinson,76706,6/25/1954,254-232-7707,30,0,0
1216,Meyers,Jordyn,Waco,76702,9/7/1997,254-878-7907,10,55.52,0
1687,Woods,Giana,Robinson,76706,11/26/1945,254-869-1157,30,0,0
1820,Marquez,Troy,Waco,76702,2/20/1985,254-281-2234,20,0,0
1239,Chapman,Ricardo,Hewitt,76643,3/26/1962,901-724-7007,30,0,0
1848,Rocha,Blake,Waco,76702,1/12/1979,810-374-3850,10,0,0
1857,Sharp,Julianna,Waco,76702,4/21/1961,254-704-3703,20,7925.95,60
1903,Roy,Tripp,Woodway,76712,2/3/1991,304-249-4122,30,6623.99,30
1665,McKenzie,Nathan,Hewitt,76643,10/24/1986,254-586-5290,30,0,0
1587,Kemp,Jayce,Woodway,76712,2/5/1997,254-299-5751,30,0,0
1493,Conner,Jaidyn,Woodway,76712,10/6/1996,225-935-5869,30,0,0
1193,Cooper,Annika,Hewitt,76643,6/11/1971,254-335-4129,30,0,0
1437,Rodriquez,Moises,Waco,76702,5/25/1993,254-523-1240,20,2204.58,30
1530,Burch,Eli,Woodway,76712,10/25/1959,254-328-1856,30,4696.03,30
1288,Pratt,Humberto,Hewitt,76643,9/16/2003,916-482-8532,30,4128.35,0
1678,Watts,Jensen,Hewitt,76643,2/2/1996,254-410-8241,30,9331.7,60
1761,Wells,Slade,Waco,76702,9/19/2001,228-553-3769,20,0,0
1293,Rodriguez,Shania,Robinson,76706,1/9/2002,303-233-9982,30,8610.21,30
1919,Owens,Roland,Hewitt,76643,6/10/1990,254-211-7534,30,0,0
1601,Christian,Jayvion,Waco,76702,2/10/1975,254-361-8677,10,0,0
1396,Allen,Frederick,Hewitt,76643,12/19/1989,254-640-2817,30,0,0
1536,Tyler,Kenna,Woodway,76712,9/19/1978,254-555-7904,30,0,0
1720,Haney,Ansley,Hewitt,76643,7/17/1967,210-579-4840,30,0,0
1354,Williamson,Anthony,Hewitt,76643,3/25/1941,254-531-9748,30,1389.25,30
1440,Morrow,Agustin,Woodway,76712,8/21/1940,254-877-7281,30,5714.72,0
1679,Heath,Wesley,Woodway,76712,6/4/1944,843-933-6005,30,0,0
1021,Kirby,Emerson,Woodway,76712,11/18/1952,254-471-4396,30,4819.93,0
1079,Martin,Blake,Hewitt,76643,7/20/1985,254-219-8412,30,0,0
1847,Snyder,Mateo,Hewitt,76643,6/23/1950,254-832-1068,30,0,0
1502,Ball,Darian,Woodway,76712,9/16/1966,254-855-3535,30,0,0
1989,Morrow,Soren,Hewitt,76643,9/12/1964,337-574-6985,30,0,0
1246,Singleton,Jocelyn,Hewitt,76643,5/11/1944,254-873-1511,30,0,0
1140,Emerson,Catalina,Woodway,76712,3/22/1953,254-933-8271,30,7770.09,30
1802,Callahan,Halle,Hewitt,76643,9/22/1950,254-811-1966,30,0,0
1436,Jimenez,Jaydan,Hewitt,76643,1/25/1948,254-765-2247,30,0,0
1384,Whitaker,Rodney,Woodway,76712,7/20/2003,802-690-4906,30,0,0
1925,Hubbard,Brielle,Woodway,76712,4/25/1951,254-859-8655,30,0,0
1636,Wells,Luciano,Waco,76702,5/10/1949,254-777-5562,10,5432.03,30
1892,Myers,Reyna,Woodway,76712,5/14/1948,385-344-8549,30,0,0
1062,Reese,Antwan,Bellmead,76715,9/7/1984,254-326-6163,10,0,0
1173,Price,Randy,Waco,76702,2/17/1997,254-684-8570,10,1295.41,30
1750,Short,Cailyn,Bellmead,76715,12/17/1979,254-976-7666,10,0,0
1326,Cain,Anabella,Robinson,76706,2/1/1938,254-262-3251,30,0,0
1633,Lamb,Nevaeh,Woodway,76712,2/18/1997,254-867-6583,30,9532.25,90
1306,Fuentes,Gavyn,Waco,76702,3/18/1941,254-700-8447,20,3534.28,30
1401,Marshall,Giselle,Woodway,76712,1/4/1940,208-307-9726,30,8457.9,30
1523,Rivas,Rayne,Bellmead,76715,3/3/1993,254-778-6347,10,1075.6,30
1920,Rush,Adriel,Woodway,76712,4/25/1957,254-771-7472,30,0,0
1884,Hoover,Ann,Waco,76702,5/8/1997,254-881-9434,20,5042.98,0
1464,Stevens,Jonah,Woodway,76712,11/19/1959,254-715-8068,30,5166.7,0
1570,Martinez,Deja,Waco,76702,10/17/1959,254-882-6380,20,1586.17,30
1899,Webster,Amiya,Woodway,76712,3/13/1970,254-512-6899,30,0,0
1952,Snow,Sabrina,Woodway,76712,8/22/1991,254-493-9599,30,0,0
1578,Phelps,Reynaldo,Waco,76702,8/4/1983,254-294-6309,10,0,0
1093,Wood,Demetrius,Waco,76702,5/20/1949,254-839-1756,20,0,0
1655,Britt,Natalie,Lorena,76630,7/26/1940,984-202-4131,30,0,0
1045,Wooten,Maverick,Waco,76702,8/5/1999,254-477-9803,20,5985.58,30
1558,Yang,Luna,Hewitt,76643,5/19/1949,254-395-6243,30,9811.69,0
1528,Simpson,Caroline,Waco,76702,4/10/1949,254-456-1813,20,0,0
1800,Hickman,Uriah,Waco,76702,2/10/1947,254-670-6738,20,4737.44,0
1358,Owen,Timothy,Hewitt,76643,10/8/1996,254-589-2439,30,5261.17,60
1420,Lowery,Mckenna,Bellmead,76715,11/6/1939,254-981-4415,10,7321.87,30
1287,Roach,Elaine,Woodway,76712,2/9/1948,254-684-3951,30,3895.71,60
1865,Carlson,Curtis,Robinson,76706,1/13/1989,254-674-1459,30,0,0
1104,Elliott,Kailee,Bellmead,76715,10/14/1948,773-232-2981,10,186.57,60
1653,Hodges,Teagan,Hewitt,76643,2/19/1944,254-957-4686,30,0,0
1553,Dotson,Phoenix,Lorena,76630,11/25/1991,254-285-8912,30,4346.18,60
1783,Schultz,Marquis,Woodway,76712,8/12/1982,254-691-6742,30,7127.65,30
1714,Guerrero,Zariah,Hewitt,76643,5/24/1993,254-416-9295,30,0,0
1305,Ellison,Jakob,Waco,76702,8/20/1992,254-997-8585,20,0,0
1400,Carr,Landin,Robinson,76706,2/19/2000,302-807-3127,30,7413.55,30
1997,Meyer,Emmalee,Lorena,76630,12/22/2003,254-717-5862,30,0,0
1546,Guy,Liberty,Hewitt,76643,9/17/1991,254-320-1829,30,8438.75,0
1278,Moss,Aaliyah,Waco,76702,2/3/1944,254-435-1451,20,2557.04,0
1781,Quinn,Bronson,Moody,76557,2/5/1953,254-276-5683,30,0,0
1698,Schneider,Nevaeh,Waco,76702,12/23/1997,254-617-2603,20,3946.21,0
1532,Pollard,Matthias,Waco,76702,4/17/1946,254-428-3888,10,0,0
1961,Ball,Ezequiel,Moody,76557,6/6/1953,424-719-9112,30,0,0
1606,Morton,Amare,Waco,76702,11/12/1938,208-365-8141,20,0,0
1217,Gould,Marley,Moody,76557,3/1/1956,254-234-3056,30,0,0
1544,Dale,Hunter,Waco,76702,8/8/1944,254-249-7245,10,0,0
1183,Booker,Maci,Waco,76702,10/3/1984,254-316-9782,10,0,0
1727,Greene,Eliezer,Waco,76702,3/11/1968,254-293-9784,20,6982.9,0
1776,Garza,August,Lorena,76630,9/21/1982,817-806-1523,30,0,0
1428,Hamilton,Derrick,Robinson,76706,7/19/1996,254-885-4407,30,7204.27,30
1876,Osborne,Rayna,Woodway,76712,4/26/2000,254-279-7424,30,0,0
1711,Schmidt,Landon,Woodway,76712,8/18/1993,254-901-8231,30,8951.02,0
1158,Neal,Landin,Woodway,76712,7/9/1945,254-983-7502,30,0,0
1999,Simon,Leo,Moody,76557,4/16/1979,254-969-9521,30,0,0
1345,Sears,Ty,Woodway,76712,5/3/1967,254-832-5914,30,7061.86,60
1960,Ortega,Paige,Bellmead,76715,6/24/1949,254-287-6456,10,0,0
1912,Shaw,Frida,Waco,76702,8/23/1962,319-530-1774,20,0,0
1780,Rivera,Edward,Hewitt,76643,7/7/1946,254-260-2285,30,0,0
1926,Spence,Hugh,Hewitt,76643,6/21/1989,254-588-8753,30,2137.71,30
1254,Hodge,Jaden,Waco,76702,4/14/1970,254-888-4338,20,6864.9,0
1849,Donovan,Gabriella,Hewitt,76643,4/26/1969,304-335-2637,30,0,0
1373,Merritt,Dallas,Lorena,76630,10/2/1977,254-401-3521,30,1311.48,30
1614,Palmer,Jaylin,Robinson,76706,12/8/1992,254-854-4538,30,0,0
1914,Stuart,Taniyah,Lorena,76630,8/20/1993,254-713-1403,30,0,0
1277,Pruitt,Brenton,Bellmead,76715,1/4/2003,254-418-4469,10,0,0
1494,Smith,Alberto,Robinson,76706,3/22/1987,254-524-5327,30,0,0
1690,Johnston,Kymani,Bellmead,76715,7/27/2003,254-812-3577,10,0,0
1769,Alexander,Kason,Waco,76702,8/27/1981,254-787-1933,20,0,0
1037,Schultz,Kadyn,Bellmead,76715,9/10/1988,254-688-1722,10,0,0
1621,Hawkins,Destiney,Bellmead,76715,10/14/1944,254-651-4577,10,1622.25,30
1641,Valencia,Reid,Moody,76557,1/4/1946,254-679-8662,30,0,0
1873,Chapman,Jaxen,Hewitt,76643,12/17/1938,254-637-2341,30,0,0
1304,Rice,Keira,Lorena,76630,7/9/1944,254-340-2733,30,0,0
1990,Walton,Adyson,Robinson,76706,12/10/1990,254-586-2045,30,0,0
1677,Mullen,Isabella,Hewitt,76643,12/7/1941,254-813-8154,30,9830.88,0
1628,Buck,Bo,Hewitt,76643,4/18/1981,254-886-2776,30,0,0
1143,Ramsey,Rylie,Moody,76557,1/11/1947,254-859-1454,30,0,0
1967,McBride,Kirsten,Moody,76557,8/2/1974,254-444-7104,30,6145.98,0
1902,Mueller,Miriam,Hewitt,76643,10/18/1962,254-747-7744,30,0,0
1492,Pierce,Mylee,Bellmead,76715,1/7/1970,254-738-7878,10,986.78,30
1543,Duran,Skyler,Hewitt,76643,3/23/1976,254-720-2631,30,5475.51,30
1683,Ingram,Frankie,Lorena,76630,3/3/1989,254-333-5095,30,0,0
1673,Britt,Kayden,Woodway,76712,10/1/1960,254-320-7531,30,0,0
1929,Hyde,Serena,Woodway,76712,8/17/1972,254-261-1823,30,3278.74,30
1226,Sexton,Angel,Hewitt,76643,5/18/1938,254-653-5039,30,0,0
1469,Everett,Kate,Woodway,76712,5/7/1947,254-287-5490,30,0,0
1034,Beard,Lylah,Waco,76702,12/20/1982,254-252-2210,10,6174.86,30
1752,Foreman,Jacqueline,Woodway,76712,1/16/1987,254-869-8100,30,0,0
1713,Mayo,Jean,Moody,76557,6/23/1983,254-988-1744,30,1033.26,60
1845,Crawford,Francisco,Bellmead,76715,6/13/2001,254-317-1119,10,4663.46,30
1172,Lynch,Oliver,Woodway,76712,8/10/1957,917-454-6801,30,0,0
1414,Chambers,Jeremy,Bellmead,76715,6/5/1939,254-514-3127,10,0,0
1660,Hickman,Karl,Moody,76557,6/22/1951,254-430-4833,30,0,0
1141,Gibbs,Jonathan,Moody,76557,8/26/1992,812-673-6491,30,0,0
1042,Carrillo,Jayce,Woodway,76712,1/24/1956,913-309-6565,30,5425.85,30
1513,Potts,Nina,Hewitt,76643,9/13/1943,254-273-1167,30,0,0
1812,Wall,Brandon,Woodway,76712,9/3/1993,254-408-9418,30,0,0
1965,Chen,Marcos,Hewitt,76643,7/1/1956,254-935-6121,30,0,0
1732,Garrison,Lauren,Woodway,76712,10/27/1988,254-634-6826,30,377.51,30
1455,McKenzie,Jessie,Woodway,76712,1/9/1958,254-273-1924,30,3607.51,30
1089,Raymond,Reyna,Hewitt,76643,12/13/1976,907-823-4923,30,0,0
1681,Trujillo,Emily,Woodway,76712,1/15/1990,630-951-4725,30,0,0
1056,Cummings,Rowan,Woodway,76712,6/14/1975,254-586-8017,30,0,0
1201,McMahon,David,Hewitt,76643,2/2/1987,254-488-8099,30,7462.76,0
1868,Mullen,Jacob,Bellmead,76715,2/18/1938,254-338-4182,10,1363.23,0
1805,Tyler,Ronan,Woodway,76712,6/25/1953,254-525-7951,30,0,0
1241,Dillard,Hallie,Bellmead,76715,3/11/1985,369-984-4199,10,0,0
1252,Wood,Collin,Hewitt,76643,5/22/1972,254-896-2835,30,6051.79,0
1738,Mills,Carley,Waco,76702,7/7/1957,254-403-1614,10,0,0
1402,Frazier,Aspen,Woodway,76712,11/17/1968,254-522-2343,30,2183.96,30
1334,Hodge,Raegan,Hewitt,76643,7/16/1954,254-582-9440,30,0,0
1359,Greer,Kamari,Waco,76702,4/23/1974,601-563-3706,20,0,0
1394,Frost,Prince,Moody,76557,12/22/1958,254-472-2897,30,0,0
1391,Powell,Ainsley,Hewitt,76643,6/18/1971,254-823-7943,30,0,0
1025,Alvarado,Lesly,Waco,76702,1/5/1995,254-631-7965,20,0,0
1091,Alford,Amos,Woodway,76712,12/5/1984,254-923-6967,30,0,0
1061,Clements,Yuliana,Woodway,76712,7/14/1988,254-466-5256,30,5380.4,30
1352,Wilkerson,Kendall,Woodway,76712,10/12/2000,254-933-2768,30,0,0
1142,Huffman,Janiyah,Waco,76702,4/17/1984,254-332-8044,20,0,0
1996,Sloan,Davis,Hewitt,76643,9/9/1958,254-258-7625,30,4380.83,30
1347,Craft,Mira,Woodway,76712,2/11/1983,609-647-3243,30,3828.73,0
1744,Hyde,Lorelai,Waco,76702,1/10/1953,513-399-5415,10,0,0
1035,Oneil,Gianni,Woodway,76712,11/15/1993,254-717-1424,30,2100.68,30
1312,Calhoun,Zachariah,Moody,76557,4/18/1952,402-970-1967,30,4185.73,60
1617,McCarthy,Jaquan,Hewitt,76643,2/10/1990,254-943-6095,30,0,0
1933,Orr,Aaliyah,Waco,76702,1/7/1976,254-738-2958,20,0,0
1556,Hays,Geovanni,Hewitt,76643,9/7/1989,254-681-5756,30,7157.3,30
1315,Everett,Alaina,Waco,76702,6/13/1964,765-770-3489,20,0,0
1099,Nieves,Janice,Hewitt,76643,12/12/1975,254-649-4539,30,0,0
1894,Hood,Cristal,Waco,76702,9/7/1973,254-480-1355,20,8591.3,30
1389,Mendez,Timothy,Hewitt,76643,9/26/1960,254-658-2219,30,0,0
1422,Barry,Titus,Woodway,76712,2/27/1950,254-350-9340,30,1655.66,0
1084,Morse,Savanah,Woodway,76712,4/16/1977,254-487-2422,30,0,0
1126,Parker,Kieran,Woodway,76712,8/21/2001,254-353-7535,30,1526.9,0
1438,Stephenson,Tristin,Hewitt,76643,8/12/1972,254-693-1446,30,3200.65,0
1338,McDowell,Christina,Lorena,76630,12/27/1996,225-462-2943,30,0,0
1462,Hall,Lennon,Hewitt,76643,10/12/1949,254-893-6681,30,2296.42,0
1963,Hays,Clara,Waco,76702,9/16/1958,254-487-2465,10,0,0
1117,Bates,Zain,Moody,76557,5/3/1939,254-774-9328,30,4682.85,0
1753,Koch,Jerry,Waco,76702,12/25/1939,254-922-8351,10,9365.47,0
1760,Hall,Shannon,Waco,76702,4/16/1940,254-598-5442,20,7861.3,30
1592,Burks,Angel,Woodway,76712,12/7/1955,254-911-6574,30,9943.97,0
1283,Little,Annabelle,Lorena,76630,11/22/1999,620-796-5950,30,0,0
1888,Velazquez,Madalyn,Moody,76557,9/19/1979,254-290-8045,30,0,0
1972,Mathews,Kasey,Waco,76702,2/1/1961,327-984-7040,10,5862.36,0
1083,Glass,Valery,Woodway,76712,4/4/1994,254-440-9419,30,0,0
1723,Rivas,Keira,Hewitt,76643,6/2/1950,254-367-4051,30,0,0
1928,Raymond,Phillip,Moody,76557,3/2/1950,254-631-2262,30,0,0
1036,McDowell,Katherine,Hewitt,76643,11/10/1941,254-769-3843,30,2741.29,30
1381,Trevino,Devon,Woodway,76712,8/2/1965,318-425-2418,30,8453.54,0
1969,Nash,Luke,Robinson,76706,4/4/1943,786-978-3231,30,0,0
1074,Miranda,Josiah,Woodway,76712,11/11/1953,254-797-7029,30,0,0
1313,Curtis,Marquis,Woodway,76712,9/2/1962,254-247-7703,30,0,0
1431,James,Rylan,Woodway,76712,5/17/1947,254-950-1853,30,7996.59,0
1586,Willis,Javion,Hewitt,76643,12/4/1968,254-638-6430,30,0,0
1248,Lancaster,Freddy,Woodway,76712,3/24/1978,254-751-9446,30,0,0
1393,Pacheco,Brooklyn,Woodway,76712,12/20/1985,515-609-8754,30,0,0
1225,Swanson,Kiana,Waco,76702,2/5/1979,254-211-9810,20,2302.56,0
1574,Silva,Danna,Robinson,76706,2/26/1967,254-772-3973,30,0,0
1978,Stanton,Gage,Woodway,76712,9/20/1987,254-882-8110,30,0,0
1901,Morgan,Dwayne,Bellmead,76715,7/24/1982,254-501-9263,10,0,0
1161,Osborn,Olivia,Waco,76702,6/27/1990,254-693-3522,20,2054.36,30
1772,Ellison,Issac,Hewitt,76643,8/15/1981,254-715-9049,30,0,0
1886,Burton,Ross,Waco,76702,6/3/1954,316-590-3594,20,0,0
1155,Wallace,Clare,Hewitt,76643,4/18/1995,254-493-4395,30,0,0
1029,Saunders,Noemi,Hewitt,76643,3/18/1947,254-297-8038,30,5523.34,0
1399,Molina,Cade,Hewitt,76643,4/25/1996,254-454-2273,30,766.61,0
1977,Coleman,Elias,Robinson,76706,12/14/1940,254-616-1138,30,3246.36,30
1829,Swanson,Finley,Moody,76557,2/7/1976,254-948-2753,30,0,0
1063,Hancock,Fisher,Moody,76557,3/16/2001,254-697-8002,30,0,0
1295,Washington,Bentley,Robinson,76706,1/21/1977,254-473-5859,30,0,0
1998,Santana,Kasey,Robinson,76706,12/4/1968,254-677-2448,30,1159.57,60
1266,Cortez,Brycen,Hewitt,76643,3/20/1979,724-337-3783,30,5283.13,30
1619,Collier,Katie,Woodway,76712,8/23/1943,254-878-3244,30,9492.31,30
1826,Pittman,Morgan,Hewitt,76643,10/25/1991,254-640-3062,30,6063.98,0
1743,Lawson,Alexus,Woodway,76712,2/26/1993,254-967-4352,30,3643.48,30
1515,Vaughn,Irvin,Robinson,76706,9/27/1994,254-785-3204,30,6595.68,0
1600,Ball,Kadin,Woodway,76712,5/5/1997,254-439-7869,30,2760.31,0
1318,Clements,Christian,Hewitt,76643,4/4/1941,254-990-9303,30,6988.35,30
1508,Reid,Alan,Waco,76702,3/15/1951,254-888-5880,20,0,0
1101,Bates,Penelope,Waco,76702,12/21/1959,254-499-8077,10,3050.54,0
1766,Wise,Samantha,Woodway,76712,3/11/1978,254-383-1935,30,0,0
1340,Maynard,Bryce,Moody,76557,11/6/1998,254-609-1302,30,4519.52,0
1094,Yates,Alejandra,Waco,76702,11/18/1946,254-614-3243,20,1458.61,0
1153,Hancock,Aedan,Hewitt,76643,7/14/2000,254-652-8065,30,0,0
1011,Burnett,Caleb,Woodway,76712,6/10/1997,254-315-9845,30,0,0
1728,Livingston,Vanessa,Bellmead,76715,6/18/1987,254-995-1203,10,0,0
1699,Blankenship,David,Waco,76702,2/12/1949,254-233-8791,20,0,0
1842,Neal,Jordyn,Bellmead,76715,5/15/1997,254-210-8926,10,0,0
1320,Chavez,Crystal,Moody,76557,9/15/1965,254-258-1659,30,2968.04,0
1496,Allison,Camila,Moody,76557,11/23/1985,254-471-1889,30,3458.98,60
1784,Hendricks,Matthew,Robinson,76706,5/16/1954,254-654-5191,30,0,0
1581,Trevino,Gabriella,Hewitt,76643,11/9/1954,254-784-5828,30,0,0
1296,Stout,Jakobe,Hewitt,76643,3/3/1978,254-360-5264,30,0,0
1921,Rodriguez,Avah,Woodway,76712,9/19/1948,254-226-8597,30,2311.04,30
1055,Kirkland,Ally,Woodway,76712,6/3/1939,254-321-9033,30,0,0
1107,Harrell,Dorian,Robinson,76706,2/6/1974,254-940-4774,30,0,0
1909,Ramirez,Heidy,Hewitt,76643,10/4/1980,254-876-4814,30,0,0
1430,Wolf,Felipe,Bellmead,76715,4/15/1968,254-645-3051,10,0,0
1930,Torres,Kelsie,Woodway,76712,9/4/1984,646-446-6862,30,9266.27,0
1317,Frazier,Haiden,Bellmead,76715,11/26/1978,269-797-7596,10,0,0
1700,Sanford,Logan,Hewitt,76643,6/26/2001,254-358-6842,30,0,0
1007,Dorsey,Emilia,Robinson,76706,5/15/1954,254-327-3377,30,0,0
1457,Bean,Yusuf,Moody,76557,12/12/1958,959-268-4009,30,0,0
1589,Ford,Paityn,Lorena,76630,1/19/1999,254-754-6796,30,6665.89,30
1896,Richardson,Finley,Robinson,76706,8/16/1987,254-985-9284,30,726.53,30
1033,Rich,Maximiliano,Hewitt,76643,3/14/1990,254-203-8879,30,0,0
1221,Ward,Tabitha,Robinson,76706,10/16/1986,845-410-5501,30,8831.28,0
1487,Kaufman,Isabella,Hewitt,76643,10/1/1982,254-586-1284,30,8380.89,30
1598,Fleming,Rhett,Bellmead,76715,4/11/2001,502-247-9704,10,4013.71,30
1076,Horton,Stefan,Lorena,76630,8/21/1973,254-364-3134,30,0,0
1229,Pierce,Krish,Woodway,76712,5/18/1966,254-856-1519,30,0,0
1612,Sanford,Diego,Hewitt,76643,9/16/1942,254-651-9638,30,0,0
1604,Lloyd,Sonny,Waco,76702,12/17/1995,254-797-8053,20,6143.14,30
1866,Bowman,Jadiel,Waco,76702,11/12/2000,254-532-4673,20,0,0
1822,Duke,Colby,Waco,76702,12/15/1958,254-791-4271,20,8906.45,0
1974,Perkins,Miles,Bellmead,76715,6/18/1951,254-398-1467,10,9754.59,30
1856,Hinton,Keon,Bellmead,76715,8/10/1985,254-215-7899,10,0,0
1123,Holden,Jaqueline,Robinson,76706,9/19/1951,254-879-6009,30,9817.71,30
1518,Dale,Diamond,Hewitt,76643,3/6/1985,254-897-2036,30,8539.52,30
1735,Collier,Drake,Robinson,76706,5/13/1943,254-553-9960,30,8069.6,0
1684,Barlow,Franklin,Hewitt,76643,5/20/1974,254-517-5479,30,0,0
1244,Evans,Colby,Waco,76702,7/27/1974,254-536-8867,20,0,0
1923,Carson,Guillermo,Waco,76702,8/11/1984,254-319-3794,20,3714.34,30
1565,Price,Lilyana,Hewitt,76643,10/1/1967,254-732-3466,30,4433.47,90
1557,Gibbs,Dayanara,Hewitt,76643,1/22/1944,254-499-5904,30,0,0
1539,Beard,Rylan,Bellmead,76715,6/9/1997,254-658-3147,10,0,0
1184,Allen,Emerson,Lorena,76630,8/8/1970,254-689-7080,30,4604.29,30
1379,Sparks,Edwin,Hewitt,76643,12/27/1940,254-897-4889,30,9062.33,0
1560,Stuart,Kolton,Bellmead,76715,3/23/1993,207-422-3980,10,0,0
1721,Raymond,Parker,Bellmead,76715,10/6/1998,254-478-2019,10,3106.4,0
1519,Malone,Aspen,Lorena,76630,2/1/1975,254-950-9270,30,1238.7,30
1798,Bird,Nathaniel,Lorena,76630,8/25/1946,254-978-5302,30,6386.97,30
1599,Charles,Heidy,Hewitt,76643,4/3/1974,254-735-5547,30,0,0
1191,Cameron,Dominick,Waco,76702,8/16/2003,254-651-4724,10,3729.91,30
1120,Singleton,Kira,Hewitt,76643,4/22/1964,254-586-7092,30,7805.62,0
1726,McKenzie,Abby,Moody,76557,3/22/1942,254-410-4918,30,8011.7,0
1746,Wise,Kolton,Woodway,76712,3/20/1952,254-755-6354,30,0,0
1616,Golden,Ashton,Moody,76557,9/15/1977,254-620-8259,30,0,0
1706,Webb,Marlie,Waco,76702,4/15/1938,254-946-9106,10,0,0
1171,Tate,Eli,Lorena,76630,4/7/1947,941-680-1699,30,0,0
1332,McCray,Juliette,Hewitt,76643,1/23/1972,254-956-3020,30,5633.53,30
1096,Glenn,Nikolai,Lorena,76630,7/2/1972,254-852-3901,30,8454.4,60
1218,Meyers,Quinn,Hewitt,76643,10/1/1939,254-881-7722,30,0,0
1542,Holland,Tia,Woodway,76712,1/21/1959,254-664-4540,30,0,0
1150,Martinez,Demetrius,Hewitt,76643,4/18/1966,254-672-1755,30,0,0
1634,Daugherty,Fredrick,Bellmead,76715,1/10/1982,254-287-8220,10,8600.12,30
1411,Conner,Deven,Bellmead,76715,8/15/1994,254-435-9813,10,5806.46,0
1801,Roberts,Akira,Moody,76557,11/1/1939,254-712-4899,30,83.63,0
1550,Berg,Sidney,Waco,76702,10/10/1973,254-483-8883,20,2543.45,30
1364,Pittman,Kaydence,Lorena,76630,7/6/1955,254-815-7445,30,0,0
1466,Orr,Brooklyn,Hewitt,76643,6/6/1985,303-706-6264,30,5845.8,30
1333,Hughes,Luciana,Waco,76702,10/23/1943,254-919-7785,20,2072.08,30
1947,Crane,Kieran,Bellmead,76715,4/16/1971,254-954-6408,10,3800.92,0
1098,Conner,Leia,Bellmead,76715,4/22/1998,254-299-5060,10,5921.38,0
1622,Rios,Damarion,Lorena,76630,12/11/1938,254-919-4009,30,8463.75,0
1147,Monroe,Cailyn,Bellmead,76715,11/12/1949,254-848-9668,10,0,0
1121,Oliver,Abril,Hewitt,76643,3/21/1941,608-714-6937,30,0,0
1423,Hatfield,Quinten,Waco,76702,10/19/1998,757-969-7202,10,0,0
1284,Cooper,Isabela,Waco,76702,6/3/1945,254-822-1922,20,0,0
1088,Estrada,Ella,Moody,76557,3/6/1980,254-683-6891,30,0,0
1441,Best,Dante,Woodway,76712,5/14/1962,254-385-3403,30,3449.4,30
1705,Webb,Ahmed,Bellmead,76715,3/17/1999,254-269-5709,10,7032.8,0
1941,Yang,Sergio,Hewitt,76643,9/19/1967,254-374-9168,30,7386.7,30
1237,Morales,Connor,Waco,76702,2/24/2003,254-963-4701,20,0,0
1016,Salazar,Trystan,Bellmead,76715,8/8/1981,254-357-9212,10,4087.54,0
1032,McGowan,Marcos,Hewitt,76643,3/16/1972,254-562-6390,30,0,0
1014,Cox,Autumn,Moody,76557,3/13/1941,254-920-1238,30,0,0
1154,Conner,Taliyah,Bellmead,76715,1/12/2000,254-213-5605,10,0,0
1935,Nichols,Holden,Waco,76702,11/20/1938,254-959-2965,20,0,0
1279,Andrews,Clay,Waco,76702,12/24/1956,254-770-6112,20,0,0
1534,Armstrong,Campbell,Woodway,76712,5/2/1979,254-609-7478,30,0,0
1970,Ellis,Brayden,Lorena,76630,1/26/1999,254-644-1370,30,0,0
1198,Dominguez,Giuliana,Bellmead,76715,6/19/1962,254-627-3996,10,0,0
1030,Cohen,River,Woodway,76712,12/16/1967,254-745-5825,30,9301.82,0
1361,Levine,Avery,Waco,76702,3/3/1956,254-358-2656,20,9909.56,0
1522,Estes,Silas,Moody,76557,2/22/1972,330-849-4255,30,0,0
1355,Leach,Ruby,Bellmead,76715,11/17/1968,254-332-6595,10,3185.14,30
1212,Mathews,Kelvin,Bellmead,76715,9/16/1980,970-895-9546,10,8829.93,90
1064,Bentley,Maxx,Waco,76702,10/11/1945,254-513-6341,20,2015.92,30
1500,Schroeder,Zain,Lorena,76630,8/27/1966,254-799-5237,30,0,0
1087,Holmes,Slade,Hewitt,76643,1/12/1994,254-921-6200,30,0,0
1590,Lucas,Teagan,Woodway,76712,9/25/1962,254-421-8748,30,0,0
1610,Cortez,Daxton,Lorena,76630,4/7/1954,254-635-9965,30,0,0
1555,Garza,John,Waco,76702,4/18/1956,254-596-3689,20,3274.97,30
1796,Rasmussen,Miranda,Moody,76557,9/25/1985,358-365-1718,30,0,0
1734,George,Zoie,Woodway,76712,7/23/1960,254-318-9957,30,9975.95,30
1124,Strong,Ezequiel,Waco,76702,1/11/1948,608-693-8295,10,5092.67,30
1773,Vaughn,Phillip,Waco,76702,11/4/1938,254-450-3758,10,4414.42,30
1887,Harrell,Mattie,Hewitt,76643,7/16/2000,254-631-5839,30,0,0
1004,Spence,Kody,Moody,76557,2/5/1970,254-296-2026,30,0,0
1136,Daniels,Mallory,Bellmead,76715,11/12/1943,254-243-9821,10,0,0
1535,Holt,Milo,Hewitt,76643,7/3/1977,254-501-1248,30,0,0
1151,Garcia,Ayana,Waco,76702,7/22/1959,254-684-9967,10,1462.32,30
1227,Harrell,Saul,Waco,76702,3/18/1961,254-902-7786,20,4111.19,60
1410,Mayer,Journey,Moody,76557,12/5/1995,254-632-5092,30,4102.44,30
1806,Jones,Evan,Waco,76702,7/19/1963,254-508-3235,20,0,0
1841,Malone,Marshall,Waco,76702,3/24/1952,254-654-8615,10,0,0
1755,Petty,Janiya,Waco,76702,10/10/1949,254-298-5756,10,0,0
1661,Mann,Sonia,Hewitt,76643,8/14/1980,267-973-7993,30,0,0
1337,England,Nevaeh,Hewitt,76643,5/10/1983,254-362-5227,30,9035.4,60
1017,Stuart,Hana,Hewitt,76643,6/23/1979,469-790-7555,30,7836.4,30
1194,Walter,Jakayla,Moody,76557,4/24/1991,254-388-7464,30,0,0
1860,Vaughn,Dax,Bellmead,76715,6/27/1990,254-495-3714,10,2613.46,0
1740,Lyons,Abdiel,Waco,76702,1/15/1981,254-340-5807,10,7910.5,30
1940,Park,Maia,Moody,76557,12/9/1997,607-781-3410,30,0,0
1456,Jones,Ayaan,Waco,76702,10/21/1979,254-451-3790,20,2996.06,0
1793,Kerr,Tatum,Woodway,76712,12/3/1955,254-307-9270,30,0,0
1170,Burnett,Vivian,Woodway,76712,6/25/1941,254-396-7607,30,0,0
1521,Palmer,Kaiden,Hewitt,76643,11/1/2002,254-299-6581,30,0,0
1330,Odom,Maliah,Hewitt,76643,12/21/1961,254-414-6250,30,0,0
1597,Pearson,Anabelle,Lorena,76630,9/25/1968,954-899-9043,30,0,0
1092,Holt,Kimberly,Hewitt,76643,10/13/2002,254-979-6993,30,9572.89,30
1510,Jordan,George,Bellmead,76715,12/13/1957,254-247-9087,10,4159.87,30
1152,Ramirez,Haley,Moody,76557,11/13/1947,630-741-6749,30,0,0
1790,Maynard,Alden,Lorena,76630,9/18/1956,254-818-8579,30,7788.98,0
1953,Hart,Elsie,Waco,76702,9/6/1979,254-363-3022,20,6879.93,30
1825,Malone,Joyce,Waco,76702,2/9/1978,254-239-3883,20,0,0
1134,Rivera,Madyson,Bellmead,76715,10/2/1947,254-585-3543,10,0,0
1451,Cherry,Whitney,Moody,76557,4/18/1962,254-260-6333,30,5939.01,0
1429,Pennington,Ayleen,Hewitt,76643,11/1/1996,254-838-9582,30,4177.34,60
1813,Gates,Anthony,Woodway,76712,5/18/1938,636-236-6618,30,4838.8,0
1351,Wise,Kamila,Waco,76702,1/2/1968,254-387-6967,20,0,0
1459,Rodgers,Dale,Bellmead,76715,9/1/1996,254-778-1900,10,6667.04,30
1851,Myers,Rebeca,Waco,76702,4/3/1997,254-476-7114,10,387.12,0
1018,Waller,Andrew,Bellmead,76715,11/23/1954,254-889-1811,10,8506.54,0
1883,Waller,Harlow,Woodway,76712,8/15/1993,254-902-2527,30,0,0
1607,Burch,Ramiro,Bellmead,76715,8/1/1961,254-868-1725,10,5701.08,60
1409,Horton,Mathias,Hewitt,76643,2/26/1994,254-942-1077,30,0,0
1703,Blair,Johanna,Waco,76702,11/13/1984,254-877-6609,20,0,0
1174,Crawford,Maxim,Woodway,76712,12/23/1939,254-662-7612,30,7805.08,30
1465,Fox,Clarissa,Woodway,76712,10/23/1972,254-790-8276,30,0,0
1666,Compton,Jovani,Hewitt,76643,2/1/1978,254-625-8685,30,0,0
1319,Malone,Juliette,Moody,76557,5/20/1946,254-636-5515,30,0,0
1938,Carlson,Trystan,Waco,76702,6/20/1940,254-688-8875,10,0,0
1202,Bray,Jovani,Bellmead,76715,12/4/1979,254-959-3541,10,0,0
1771,Garner,Lisa,Waco,76702,8/18/1949,254-507-7110,20,5091.01,60
1013,Burt,Kaylynn,Waco,76702,10/23/1941,254-260-9566,20,0,0
1737,Gibbs,Mario,Lorena,76630,6/27/1989,254-581-9555,30,2334.09,30
1756,Gonzales,Caydence,Bellmead,76715,12/4/2002,256-535-1621,10,0,0
1321,Weiss,Jadyn,Bellmead,76715,3/1/1977,254-529-7976,10,0,0
1754,Hendricks,Marina,Waco,76702,8/21/1989,254-929-5953,20,0,0
1477,Knox,Rashad,Waco,76702,9/6/1938,254-676-6508,20,0,0
1165,Nelson,Molly,Woodway,76712,1/24/1958,740-422-5144,30,8461.67,30
1382,Patrick,Aedan,Lorena,76630,10/11/1947,254-993-1049,30,0,0
1830,Boone,Baylee,Bellmead,76715,11/9/1973,254-428-4935,10,0,0
1861,House,Damon,Hewitt,76643,11/21/1941,254-873-2072,30,0,0
1137,Walton,Grady,Woodway,76712,1/12/1970,254-317-5210,30,0,0
1880,Talley,Kamila,Woodway,76712,5/27/1981,254-506-8341,30,0,0
1918,Hebert,Leia,Waco,76702,8/14/2001,254-207-9797,20,0,0
1139,McGee,Rosalie,Robinson,76706,4/11/2001,254-404-6688,30,0,0
1208,Fuentes,Blake,Waco,76702,8/17/1951,254-947-8411,20,0,0
1575,Schultz,Laylah,Bellmead,76715,2/5/1961,254-974-5358,10,0,0
1777,White,Duncan,Robinson,76706,10/27/1966,254-261-2261,30,1786.02,60
1691,Henderson,Rylee,Moody,76557,5/23/1992,254-735-3588,30,0,0
1858,Delacruz,Kane,Woodway,76712,2/3/1954,254-407-7055,30,7552.89,0
1869,McGowan,Eleanor,Bellmead,76715,4/1/1954,303-880-4165,10,6720.58,30
1664,Olson,Malia,Robinson,76706,5/18/1968,617-336-5409,30,592.76,30
1480,Knowles,Rylan,Moody,76557,4/25/1963,957-834-2437,30,342.66,0
1630,Richmond,Keshawn,Bellmead,76715,8/8/1955,254-281-6948,10,2418,30
1576,Schroeder,Sara,Moody,76557,6/8/1954,254-740-1794,30,4388.53,30
1797,Mitchell,Krystal,Robinson,76706,12/1/1961,608-764-7971,30,0,0
1280,Horn,Jayleen,Lorena,76630,12/8/1946,931-874-8783,30,0,0
1186,Michael,Mina,Waco,76702,3/20/1942,254-954-1757,10,0,0
1067,Mays,Jayce,Robinson,76706,7/15/1984,254-638-9468,30,6373.58,30
1298,Tucker,Octavio,Waco,76702,12/13/1975,254-337-5042,20,0,0
1207,Chaney,Phoebe,Waco,76702,12/6/1964,254-599-7289,20,3976.77,0
1568,Rodriquez,Harper,Bellmead,76715,1/1/1945,254-899-8866,10,6903.94,0
1048,Grimes,Mariyah,Lorena,76630,11/22/1995,254-258-6684,30,1527.06,90
1263,Kinney,Tiana,Waco,76702,10/8/1953,541-202-7299,20,0,0
1256,Paul,Hugh,Bellmead,76715,7/9/1951,641-811-2808,10,0,0
1375,Carr,Brennan,Bellmead,76715,12/21/1969,254-215-2244,10,0,0
1840,Sloan,Kaitlin,Bellmead,76715,6/26/1991,254-568-2440,10,0,0
1844,Shepard,Bradyn,Hewitt,76643,9/25/1972,254-705-7147,30,0,0
1272,Sandoval,Leon,Moody,76557,1/10/1978,254-263-5774,30,2594.52,60
1973,Barton,Alice,Waco,76702,6/26/1982,254-436-5740,10,0,0
1656,Holland,Jensen,Lorena,76630,6/18/1989,254-825-8969,30,0,0
1483,Yang,Emerson,Woodway,76712,4/20/1947,254-240-8796,30,1580.7,60
1148,Weaver,Milan,Moody,76557,1/16/1966,254-372-6693,30,0,0
1648,Gray,Taraji,Woodway,76712,3/20/1972,254-803-7926,30,0,0
1385,Carroll,Payten,Woodway,76712,6/7/1995,716-714-3733,30,0,0
1383,Anderson,Nelson,Lorena,76630,11/8/1980,254-324-3528,30,0,0
1397,Bauer,Thomas,Robinson,76706,8/26/1946,254-326-8212,30,5189.73,30
1080,Robinson,Cara,Bellmead,76715,9/2/1999,763-368-9549,10,8657.71,30
1086,Henry,Madelyn,Waco,76702,12/11/1960,304-522-6628,20,0,0
1663,Stephenson,Brenden,Hewitt,76643,8/18/1942,269-255-6818,30,7193.05,30
1051,Knight,Mira,Robinson,76706,11/19/1985,254-577-2603,30,2982.28,0
1406,Clarke,Samir,Waco,76702,12/22/1958,254-961-9477,20,0,0
1276,Simon,Angel,Lorena,76630,11/4/1997,254-634-5019,30,0,0
1454,Hicks,Ari,Moody,76557,10/1/1998,254-964-1431,30,0,0
1460,Wolfe,Malia,Moody,76557,5/26/1991,254-203-9925,30,6746.18,0
1041,Oneill,Maxwell,Robinson,76706,9/23/1973,254-984-6579,30,3783.26,0
1975,Meadows,Savanna,Robinson,76706,9/14/1954,254-690-4033,30,9377.38,0
1950,Knox,Maia,Hewitt,76643,9/11/1962,254-344-7069,30,0,0
1395,Burt,Briana,Woodway,76712,4/8/1989,254-761-6527,30,0,0
1300,Craft,Ireland,Waco,76702,11/25/1972,254-293-6402,20,895.84,30
1731,McPherson,Lexi,Lorena,76630,3/26/1980,254-774-6470,30,0,0
1787,Gutierrez,Unique,Hewitt,76643,1/7/1966,254-976-9141,30,0,0
1533,Roach,Jayda,Waco,76702,9/23/1957,254-322-9339,20,0,0
1538,Vaughan,Katelyn,Waco,76702,4/10/1992,420-754-7672,20,0,0
1200,Cherry,Grace,Hewitt,76643,4/8/1943,254-546-6457,30,3789.41,60
1652,Benton,Kali,Hewitt,76643,9/19/1950,254-745-8462,30,0,0
1190,Pugh,Oliver,Hewitt,76643,7/6/1952,254-981-2184,30,0,0
1765,Davenport,Demarcus,Hewitt,76643,4/3/1959,254-325-7423,30,0,0
1936,Maxwell,Justin,Robinson,76706,9/15/1999,254-411-3098,30,8327.48,30
1650,Lowe,Hugh,Hewitt,76643,2/8/1977,254-662-2757,30,0,0
1346,Coffey,Jason,Lorena,76630,12/17/1980,254-605-3060,30,0,0
1767,Leblanc,Caleb,Bellmead,76715,8/24/1952,254-533-7647,10,0,0
1040,Richmond,Natasha,Hewitt,76643,11/7/1969,254-204-5335,30,0,0
1495,Shaw,Muhammad,Woodway,76712,9/11/1978,254-384-8244,30,3753.7,30
1818,Allen,Jazmine,Lorena,76630,2/21/2003,254-823-1102,30,0,0
1269,Moran,Harley,Robinson,76706,6/13/2002,254-432-1738,30,0,0
1392,Hurst,Sidney,Hewitt,76643,12/7/2003,254-677-1431,30,0,0
1942,Roman,Jolie,Lorena,76630,3/24/2001,254-936-6057,30,9898.29,0
1585,Petersen,Delaney,Hewitt,76643,9/19/1998,765-342-1145,30,8506.26,30
1671,Rowe,Adelaide,Hewitt,76643,4/10/1962,254-749-3124,30,8912.9,30
1609,Cantu,Rene,Hewitt,76643,7/1/1978,254-532-9894,30,6423.47,60
1707,Hebert,Hannah,Hewitt,76643,2/1/1948,254-445-1553,30,0,0
1658,Hart,Lilly,Waco,76702,7/4/1972,616-347-5032,20,0,0
1192,Parker,Rylee,Hewitt,76643,2/3/1967,254-840-3753,30,0,0
1836,Gardner,Rory,Hewitt,76643,1/2/2001,254-734-2463,30,0,0
1987,Rivers,Valerie,Woodway,76712,10/19/1939,254-916-5206,30,0,0
1573,Howell,Arturo,Waco,76702,10/4/1969,254-934-1230,20,1170.19,60
1991,Vance,Eileen,Woodway,76712,3/15/1972,254-237-6160,30,0,0
1159,Bishop,Rosa,Hewitt,76643,8/19/1942,254-661-5757,30,6228.19,0
1693,Burke,Evangeline,Woodway,76712,5/7/1987,254-679-1114,30,5629.03,30
1329,Bowman,Bruno,Waco,76702,10/22/1960,236-351-3455,10,0,0
1922,Barrera,Dale,Waco,76702,7/3/1988,254-575-3072,20,0,0
1552,Gardner,Michael,Hewitt,76643,4/15/1983,254-730-1516,30,4620.41,30
1809,Vance,Franco,Hewitt,76643,8/8/1979,254-878-4783,30,5891.72,0
1710,Simon,Patrick,Hewitt,76643,11/3/2003,254-613-5806,30,0,0
1116,Kirby,Lilian,Robinson,76706,10/17/1976,254-337-2152,30,8140.08,0
1501,Williams,Joslyn,Woodway,76712,3/3/1987,712-424-2470,30,1811.12,60
1059,Pratt,Jaylah,Robinson,76706,12/25/1983,724-661-1076,30,6746.45,30
1224,Wall,Mohammed,Hewitt,76643,10/24/1955,254-214-3729,30,0,0
1580,Ayala,Ellen,Waco,76702,4/21/2000,254-545-6685,20,0,0
1932,Hahn,Dario,Robinson,76706,10/21/1994,254-408-8852,30,0,0
1138,Wolf,Blaze,Hewitt,76643,6/16/1940,254-432-3517,30,0,0
1020,Knight,Solomon,Hewitt,76643,4/19/1981,254-634-9357,30,7773.9,30
1242,Rivera,Winston,Lorena,76630,3/18/1972,254-603-7187,30,0,0
1904,Andrews,Mike,Lorena,76630,1/17/1965,480-265-8641,30,0,0
1509,Tate,Valeria,Waco,76702,4/15/1995,704-977-6097,20,0,0
1302,Rosales,Aryan,Hewitt,76643,6/6/1956,507-209-3821,30,0,0
1762,Beard,Vanessa,Hewitt,76643,11/20/1984,254-823-6239,30,0,0
1349,Stuart,Lucia,Robinson,76706,7/21/1991,254-239-2155,30,2307.35,0
1654,Foster,Eleanor,Hewitt,76643,9/25/1966,254-902-3935,30,0,0
1398,Valentine,Macy,Hewitt,76643,5/20/1951,612-742-5859,30,0,0
1303,Skinner,Anne,Hewitt,76643,2/4/1939,254-492-2237,30,8989.37,0
1362,Mullen,Abagail,Hewitt,76643,1/12/1954,254-934-4272,30,767.53,30
1786,Oliver,Lucia,Hewitt,76643,11/2/1947,254-284-5149,30,0,0
1102,McCray,Niko,Hewitt,76643,7/3/1992,254-494-3203,30,3176.32,0
1839,Munoz,Aniya,Hewitt,76643,1/7/1940,254-204-1824,30,0,0
1676,Trevino,Justice,Robinson,76706,1/16/1942,740-557-7343,30,0,0
1106,Massey,Daphne,Waco,76702,11/17/1962,254-275-1995,10,0,0
1516,Rios,Gary,Waco,76702,6/8/1982,907-206-9575,10,0,0
1006,English,Dana,Waco,76702,11/18/1966,254-625-9516,20,0,0
1447,Vasquez,Deshawn,Waco,76702,7/10/1993,254-812-5882,10,0,0
1299,Gallagher,Drake,Lorena,76630,11/9/2001,254-623-8345,30,8665.84,30
1119,Miller,Ireland,Hewitt,76643,11/23/1974,254-418-4318,30,6883.22,60
1582,Vasquez,Dulce,Lorena,76630,4/16/1999,254-576-9220,30,0,0
1485,Gray,Kole,Waco,76702,11/10/1966,254-802-7727,20,6869.54,30
1417,Santiago,Rigoberto,Hewitt,76643,3/20/1997,918-279-2787,30,0,0
1125,Espinoza,Lance,Hewitt,76643,10/22/1943,254-670-6434,30,0,0
1637,Kirkland,Gabriella,Robinson,76706,11/16/1952,254-941-2626,30,0,0
1066,Burris,Wesley,Woodway,76712,1/23/2001,959-662-8058,30,0,0
1694,Woodard,Noel,Woodway,76712,4/9/1983,254-328-2603,30,0,0
1180,Foreman,Quentin,Hewitt,76643,9/25/1951,859-364-2112,30,9048.56,0
1404,Franks,Sariah,Hewitt,76643,7/6/2003,254-441-3067,30,7611.89,30
1608,Mathews,Sharon,Moody,76557,3/12/1940,716-918-2354,30,0,0
1328,Ewing,Ernesto,Moody,76557,5/11/1961,327-546-8581,30,8054.2,0
1854,Daniels,Melany,Woodway,76712,6/26/1944,254-675-4392,30,9259.49,30
1327,McDaniel,Maleah,Waco,76702,8/9/1996,254-252-7482,10,5111.38,0
1827,Long,Ace,Lorena,76630,7/24/1958,254-235-8441,30,0,0
1370,Cline,Chad,Hewitt,76643,9/1/1990,254-574-1241,30,0,0
1913,Turner,Alina,Hewitt,76643,1/14/1978,254-940-9965,30,2518.2,60
1185,Dodson,Randall,Bellmead,76715,1/15/1979,254-213-6957,10,0,0
1757,Lawrence,Richard,Hewitt,76643,8/6/1954,254-622-7676,30,0,0
1341,Chen,Vera,Waco,76702,11/17/1952,861-349-6170,10,8491.12,0
1541,Lawrence,Lucy,Moody,76557,8/11/1977,254-371-1064,30,0,0
1954,Miranda,Jennifer,Bellmead,76715,1/4/1967,254-584-5796,10,3798.48,30
1729,Leon,Rylee,Bellmead,76715,10/25/1978,254-690-6099,10,0,0
1211,Haley,Konner,Hewitt,76643,12/17/2003,254-816-8909,30,0,0
1672,Lang,Erick,Moody,76557,10/20/1975,254-582-5412,30,6126.14,30
1668,Boyer,Esperanza,Waco,76702,10/27/1946,336-281-5815,20,2944.25,60
1819,Solis,Kason,Moody,76557,7/17/1964,254-378-2008,30,0,0
1203,Aguilar,Case,Robinson,76706,9/20/1941,254-888-3399,30,0,0
1540,Pratt,Mike,Moody,76557,5/8/1994,254-466-3575,30,0,0
1620,Griffith,Cullen,Woodway,76712,8/12/1999,254-776-2456,30,7606.11,30
1240,McPherson,Hudson,Woodway,76712,7/1/1956,254-815-3534,30,9762.31,0
1499,Phillips,Alayna,Waco,76702,8/24/1985,657-225-4181,20,9445.94,30
1632,Graham,Keira,Woodway,76712,5/14/1938,254-981-9657,30,0,0
1583,Humphrey,Millie,Waco,76702,10/23/1950,254-929-4658,20,8985.55,30
1232,McKinney,Kaelyn,Moody,76557,2/19/1990,254-416-3439,30,0,0
1814,Trujillo,Elaine,Waco,76702,8/17/2002,216-539-9538,20,8857.01,0
1782,Salazar,Natalie,Robinson,76706,5/8/1970,254-837-8266,30,1403.69,30
1085,Graham,Norah,Waco,76702,1/15/1957,254-572-8260,20,0,0
1968,Shaffer,Camille,Lorena,76630,9/15/2002,254-375-6628,30,8658.07,0
1031,Callahan,Gregory,Waco,76702,7/8/1944,585-987-7418,10,7092.97,60
1380,Morrison,Rylee,Bellmead,76715,9/16/1989,254-368-2419,10,0,0
1624,Stafford,Lizeth,Waco,76702,1/22/1943,254-271-1542,20,0,0
1491,Stevenson,Samantha,Moody,76557,7/26/1970,254-618-6348,30,0,0
1449,Lang,Mackenzie,Woodway,76712,9/6/1957,254-776-3432,30,776.38,0
1258,Mathews,Amina,Lorena,76630,6/21/1983,254-637-9887,30,0,0
1897,Potts,Harley,Woodway,76712,6/4/1982,605-725-3511,30,6408.46,60
1077,Rush,Maximus,Waco,76702,7/14/1953,254-341-2868,20,0,0
1577,Lee,Mila,Woodway,76712,7/2/1995,502-263-7101,30,3171.6,0
1213,Nicholson,Charlie,Hewitt,76643,3/20/2000,254-854-2161,30,5989.5,60
1046,Hardin,Abram,Robinson,76706,5/25/1948,949-908-9211,30,0,0
1050,Houston,Mckenzie,Waco,76702,5/17/2002,316-873-5476,20,0,0
1001,McMillan,Tucker,Lorena,76630,2/1/1956,254-327-8166,30,9777.86,30
1794,Vance,Arjun,Woodway,76712,11/8/1963,254-503-5662,30,0,0
1129,Burris,Ismael,Waco,76702,11/2/1986,254-463-6854,20,0,0
1005,McGowan,Sidney,Waco,76702,7/16/1943,254-936-5284,10,0,0
1290,Foley,Zaire,Woodway,76712,6/14/1940,580-812-4929,30,8456.74,30
1249,Finch,Jonah,Hewitt,76643,11/23/1965,254-470-9363,30,0,0
1718,Bond,Colton,Woodway,76712,7/2/1986,254-441-8744,30,407.58,30
1215,Castaneda,Kaylynn,Waco,76702,12/21/1977,254-460-2125,10,2803.84,0
1559,Bond,Raul,Woodway,76712,5/13/1986,254-284-1827,30,0,0
1803,Peterson,Tripp,Moody,76557,10/19/1970,254-276-6436,30,0,0
1484,Bright,Jolie,Hewitt,76643,10/1/1979,254-771-3924,30,0,0
1569,Strickland,Aaron,Moody,76557,4/24/1945,414-641-8467,30,7355.6,0
1100,Sweet,Gianna,Hewitt,76643,3/19/1967,878-685-2868,30,0,0
1815,Rogers,Carina,Moody,76557,11/8/1950,254-711-9408,30,0,0
1197,Gibbs,Willie,Waco,76702,4/26/1977,320-399-2266,10,0,0
1309,Fry,Alaya,Waco,76702,3/16/1974,254-625-5544,20,3134.2,0
1911,Guy,Josh,Lorena,76630,9/23/1979,254-593-7979,30,0,0
1966,Monroe,Logan,Woodway,76712,1/22/1973,254-996-2490,30,0,0
1828,Briggs,Rocco,Hewitt,76643,7/20/1997,979-742-4548,30,0,0
1247,Frost,Mia,Waco,76702,12/24/1963,605-793-9629,20,0,0
1026,Brock,Angelina,Waco,76702,2/16/1987,254-892-1362,10,7022.36,30
1275,Dalton,Layne,Waco,76702,10/24/1958,254-562-1402,10,957.78,60
1365,Stevenson,Emerson,Lorena,76630,4/10/1975,254-694-2651,30,0,0
1638,McCall,Jonathan,Robinson,76706,11/19/1994,254-911-5171,30,7073.95,60
1498,Stout,Trevor,Moody,76557,4/19/1965,254-507-7920,30,8729.15,30
1472,Holmes,Mila,Lorena,76630,3/12/1970,254-794-4159,30,0,0
1724,Gray,Yoselin,Waco,76702,1/11/1964,254-585-1525,20,0,0
1446,Franks,Dante,Waco,76702,11/20/1964,254-703-9812,10,4718.99,0
1659,Burnett,Alfred,Lorena,76630,10/22/1998,848-354-6609,30,0,0
1339,Reynolds,Dorian,Moody,76557,5/15/1967,254-502-5107,30,155.79,0
1874,Lancaster,Mallory,Hewitt,76643,1/3/1993,254-526-5174,30,0,0
1979,David,Rosa,Woodway,76712,11/13/1975,254-375-6796,30,0,0
1931,Chapman,Chanel,Lorena,76630,8/2/1949,254-874-6349,30,0,0
1984,Huffman,Kaitlyn,Hewitt,76643,10/12/1949,254-595-6849,30,8481.17,30
1286,Mercer,Boston,Hewitt,76643,1/6/1947,267-939-8238,30,0,0
1003,Robinson,Julia,Moody,76557,9/7/1952,919-506-6316,30,0,0
1390,Knight,Jeremiah,Moody,76557,5/12/1949,254-732-9219,30,3583.82,90
1878,Franklin,Craig,Lorena,76630,10/13/1975,254-838-9161,30,0,0
1421,Adkins,Malcolm,Hewitt,76643,11/1/1996,254-864-4813,30,9260.45,30
1792,Jimenez,Haylee,Robinson,76706,5/11/1988,254-689-5509,30,4235.42,30
1799,Gibson,Albert,Woodway,76712,2/23/1947,254-536-2669,30,0,0
1060,Whitehead,Barrett,Hewitt,76643,3/16/1989,254-259-3513,30,9979.36,30
1675,Page,Alexandria,Moody,76557,1/2/1968,254-598-5259,30,2289.56,0
1331,Foreman,Clayton,Waco,76702,12/12/1973,254-366-9059,10,9623.74,60
1443,Noble,Joshua,Waco,76702,8/19/1983,254-306-6449,10,0,0
1692,Keller,Daphne,Bellmead,76715,1/22/1960,423-563-7044,10,8702.78,30
1439,Ratliff,Kassidy,Waco,76702,1/20/1952,254-796-2866,10,0,0
1343,Mason,Pablo,Robinson,76706,4/3/1971,254-737-7217,30,9070.17,0
1722,Robertson,Shaun,Waco,76702,4/8/1954,254-703-8509,20,0,0
1763,Sheppard,Rebecca,Waco,76702,8/17/1980,254-423-6288,10,3784.72,0
1413,Rosario,Alessandra,Waco,76702,4/23/1958,502-979-1167,20,5747.08,0
1890,Benton,Clara,Waco,76702,6/16/1949,254-874-2827,10,935.55,0
1433,Berry,Adyson,Hewitt,76643,8/20/1940,254-299-7882,30,6250.04,30
1268,Salazar,Melody,Waco,76702,6/4/1984,254-254-5028,20,0,0
1531,Dillard,Elaine,Moody,76557,2/17/1972,254-784-7669,30,0,0
1253,Bernard,Cailyn,Moody,76557,3/5/1981,336-411-7919,30,7873.73,0
1038,Copeland,Destinee,Lorena,76630,12/11/2001,254-650-4558,30,3883.39,30
1250,Wyatt,Margaret,Hewitt,76643,1/3/1995,254-902-9100,30,306.91,30
1475,Collier,Reagan,Waco,76702,5/26/1962,254-245-7277,20,0,0
1832,McConnell,Vincent,Woodway,76712,8/24/1940,254-697-1245,30,0,0
1113,Edwards,Kasey,Hewitt,76643,3/19/1956,254-236-5345,30,7498.43,30
1635,Ball,Ashlynn,Woodway,76712,11/22/1954,910-849-1629,30,0,0
1416,Cash,Aleah,Waco,76702,3/9/1980,254-969-1340,20,0,0
1850,Rowe,Claudia,Waco,76702,12/10/1992,975-903-9919,10,0,0
1324,Fox,Noel,Hewitt,76643,5/21/1947,254-602-9535,30,0,0
1709,Talley,Darius,Waco,76702,12/4/1964,254-988-9170,20,6004.73,0
1371,Byrd,Emilie,Bellmead,76715,3/14/1989,254-980-2578,10,0,0
1949,Griffith,Larry,Waco,76702,11/6/1947,254-692-9039,20,0,0
1419,Montgomery,Angelina,Waco,76702,8/15/1986,254-364-1114,20,9026.1,30
1452,Webster,Kyra,Robinson,76706,6/15/1994,276-519-5696,30,8134.54,0
1908,Bean,Tyree,Moody,76557,10/7/1970,254-263-8592,30,0,0
1043,McNeil,Willie,Robinson,76706,1/5/1946,254-596-9878,30,787.52,0
1072,Schwartz,Jadyn,Woodway,76712,1/22/1957,254-206-5851,30,0,0
1834,Bennett,Krish,Lorena,76630,1/11/1944,254-312-8379,30,4941.99,0
1132,Perkins,Maya,Moody,76557,10/4/1939,402-587-1057,30,0,0
1951,Allison,Brandon,Lorena,76630,11/26/1978,254-643-6540,30,0,0
1891,Bartlett,Christopher,Hewitt,76643,5/11/1960,815-889-2580,30,0,0
1618,Kelley,Miles,Waco,76702,6/13/1982,267-393-3816,20,0,0
1108,Garner,Aiyana,Moody,76557,11/22/2002,254-338-3087,30,0,0
1821,McDonald,Jadyn,Waco,76702,2/8/1951,254-863-5981,20,0,0
1481,Norris,Lucy,Waco,76702,6/7/2003,254-305-6009,20,7274.44,0
1444,McClain,Jaiden,Bellmead,76715,12/13/1954,254-610-6084,10,7373.19,30
1545,McDonald,Yadiel,Robinson,76706,10/19/2003,254-522-2834,30,7435.74,0
1118,Wilson,Kalel,Robinson,76706,11/15/1954,254-477-8638,30,0,0
1245,Jordan,Carmen,Waco,76702,1/19/1956,254-421-3742,20,0,0
1804,Foley,Andrea,Waco,76702,4/13/1999,254-274-4487,20,0,0
1360,Acevedo,Patricia,Hewitt,76643,8/7/1981,910-287-5354,30,0,0
1562,Webster,Brendon,Waco,76702,9/10/2000,254-432-5518,20,6746.49,30
1526,Cash,Mitchell,Waco,76702,3/11/2003,254-934-5354,10,8203.81,30
1387,Porter,Marilyn,Robinson,76706,9/19/1952,254-369-1125,30,0,0
1182,Whitley,Kasey,Woodway,76712,5/23/1950,254-803-7326,30,0,0
1128,McClure,Martha,Woodway,76712,9/3/1971,254-360-2934,30,5095.99,30
1863,John,Doe,Woodway,76712,11/3/1964,254-121-5555,30,0,0
